{
	"info": {
		"_postman_id": "0f6169c5-8c1c-49d5-95bb-d609b35ee98a",
		"name": "Chaining",
		"schema": "https://schema.getpostman.com/json/collection/v2.1.0/collection.json",
		"_exporter_id": "28301104"
	},
	"item": [
		{
			"name": "Create Incident",
			"event": [
				{
					"listen": "test",
					"script": {
						"exec": [
							"var resp=pm.response.json();\r",
							"//x.result.sys_id   x--response\r",
							"var sys_id = resp.result.sys_id;\r",
							"// variable key--name of the global variable ,variable_value --sys_id)\r",
							"pm.globals.set(\"system_id\",sys_id);\r",
							"\r",
							"\r",
							"\r",
							"\r",
							"\r",
							"\r",
							"\r",
							"pm.test(\"Validating staus code for Create Incident\", function () {\r",
							"    pm.response.to.have.status(201);\r",
							"});\r",
							""
						],
						"type": "text/javascript",
						"packages": {}
					}
				}
			],
			"request": {
				"method": "POST",
				"header": [],
				"body": {
					"mode": "raw",
					"raw": "{\r\n    \"short_description\": \"created using Postman\"\r\n}",
					"options": {
						"raw": {
							"language": "json"
						}
					}
				},
				"url": {
					"raw": "{{url}}/api/now/table/{{incident}}",
					"host": [
						"{{url}}"
					],
					"path": [
						"api",
						"now",
						"table",
						"{{incident}}"
					],
					"query": [
						{
							"key": "sysparm_fields",
							"value": "number,sys_id,short_description{{",
							"disabled": true
						}
					]
				}
			},
			"response": [
				{
					"name": "Create Incident",
					"originalRequest": {
						"method": "POST",
						"header": [],
						"body": {
							"mode": "raw",
							"raw": "{\r\n    \"short_description\": \"created using Postman\"\r\n}",
							"options": {
								"raw": {
									"language": "json"
								}
							}
						},
						"url": {
							"raw": "{{url}}/api/now/table/{{incident}}",
							"host": [
								"{{url}}"
							],
							"path": [
								"api",
								"now",
								"table",
								"{{incident}}"
							],
							"query": [
								{
									"key": "sysparm_fields",
									"value": "number,sys_id,short_description{{",
									"disabled": true
								}
							]
						}
					},
					"status": "Created",
					"code": 201,
					"_postman_previewlanguage": "json",
					"header": [
						{
							"key": "Server-Timing",
							"value": "sem_wait;dur=0, sesh_wait;dur=0"
						},
						{
							"key": "Content-Encoding",
							"value": "gzip"
						},
						{
							"key": "X-Is-Logged-In",
							"value": "true"
						},
						{
							"key": "X-Transaction-ID",
							"value": "26375f3647d2"
						},
						{
							"key": "Location",
							"value": "https://dev200784.service-now.com/api/now/table/incident/ae37dffe47d242100b45d48f016d4366"
						},
						{
							"key": "X-Content-Type-Options",
							"value": "nosniff"
						},
						{
							"key": "Pragma",
							"value": "no-store,no-cache"
						},
						{
							"key": "Cache-Control",
							"value": "no-cache,no-store,must-revalidate,max-age=-1"
						},
						{
							"key": "Expires",
							"value": "0"
						},
						{
							"key": "Content-Type",
							"value": "application/json;charset=UTF-8"
						},
						{
							"key": "Transfer-Encoding",
							"value": "chunked"
						},
						{
							"key": "Date",
							"value": "Sat, 25 May 2024 05:32:35 GMT"
						},
						{
							"key": "Keep-Alive",
							"value": "timeout=70"
						},
						{
							"key": "Connection",
							"value": "keep-alive"
						},
						{
							"key": "Server",
							"value": "ServiceNow"
						},
						{
							"key": "Set-Cookie",
							"value": "glide_user=; Max-Age=0; Expires=Thu, 01-Jan-1970 00:00:10 GMT; Path=/; HttpOnly; SameSite=None; Secure"
						},
						{
							"key": "Set-Cookie",
							"value": "glide_user_session=; Max-Age=0; Expires=Thu, 01-Jan-1970 00:00:10 GMT; Path=/; HttpOnly; SameSite=None; Secure"
						},
						{
							"key": "Set-Cookie",
							"value": "glide_user_route=glide.90b4ac8385d7c088ee90454efed210d6; Max-Age=2147483647; Expires=Thu, 12-Jun-2092 08:46:42 GMT; Path=/; HttpOnly; SameSite=None; Secure"
						},
						{
							"key": "Set-Cookie",
							"value": "glide_session_store=64F693FA47D242100B45D48F016D43E1; Max-Age=300; Expires=Sat, 25-May-2024 05:37:35 GMT; Path=/; HttpOnly; SameSite=None; Secure"
						},
						{
							"key": "Strict-Transport-Security",
							"value": "max-age=63072000; includeSubDomains"
						}
					],
					"cookie": [],
					"body": "{\n    \"result\": {\n        \"parent\": \"\",\n        \"made_sla\": \"true\",\n        \"caused_by\": \"\",\n        \"watch_list\": \"\",\n        \"upon_reject\": \"cancel\",\n        \"sys_updated_on\": \"2024-05-25 05:32:35\",\n        \"child_incidents\": \"0\",\n        \"hold_reason\": \"\",\n        \"origin_table\": \"\",\n        \"task_effective_number\": \"INC0011600\",\n        \"approval_history\": \"\",\n        \"number\": \"INC0011600\",\n        \"resolved_by\": \"\",\n        \"sys_updated_by\": \"admin\",\n        \"opened_by\": {\n            \"link\": \"https://dev200784.service-now.com/api/now/table/sys_user/6816f79cc0a8016401c5a33be04be441\",\n            \"value\": \"6816f79cc0a8016401c5a33be04be441\"\n        },\n        \"user_input\": \"\",\n        \"sys_created_on\": \"2024-05-25 05:32:35\",\n        \"sys_domain\": {\n            \"link\": \"https://dev200784.service-now.com/api/now/table/sys_user_group/global\",\n            \"value\": \"global\"\n        },\n        \"state\": \"1\",\n        \"route_reason\": \"\",\n        \"sys_created_by\": \"admin\",\n        \"knowledge\": \"false\",\n        \"order\": \"\",\n        \"calendar_stc\": \"\",\n        \"closed_at\": \"\",\n        \"cmdb_ci\": \"\",\n        \"delivery_plan\": \"\",\n        \"contract\": \"\",\n        \"impact\": \"3\",\n        \"active\": \"true\",\n        \"work_notes_list\": \"\",\n        \"business_service\": \"\",\n        \"business_impact\": \"\",\n        \"priority\": \"5\",\n        \"sys_domain_path\": \"/\",\n        \"rfc\": \"\",\n        \"time_worked\": \"\",\n        \"expected_start\": \"\",\n        \"opened_at\": \"2024-05-25 05:32:35\",\n        \"business_duration\": \"\",\n        \"group_list\": \"\",\n        \"work_end\": \"\",\n        \"caller_id\": \"\",\n        \"reopened_time\": \"\",\n        \"resolved_at\": \"\",\n        \"approval_set\": \"\",\n        \"subcategory\": \"\",\n        \"work_notes\": \"\",\n        \"universal_request\": \"\",\n        \"short_description\": \"created using Postman\",\n        \"close_code\": \"\",\n        \"correlation_display\": \"\",\n        \"delivery_task\": \"\",\n        \"work_start\": \"\",\n        \"assignment_group\": \"\",\n        \"additional_assignee_list\": \"\",\n        \"business_stc\": \"\",\n        \"cause\": \"\",\n        \"description\": \"\",\n        \"origin_id\": \"\",\n        \"calendar_duration\": \"\",\n        \"close_notes\": \"\",\n        \"notify\": \"1\",\n        \"service_offering\": \"\",\n        \"sys_class_name\": \"incident\",\n        \"closed_by\": \"\",\n        \"follow_up\": \"\",\n        \"parent_incident\": \"\",\n        \"sys_id\": \"ae37dffe47d242100b45d48f016d4366\",\n        \"contact_type\": \"\",\n        \"reopened_by\": \"\",\n        \"incident_state\": \"1\",\n        \"urgency\": \"3\",\n        \"problem_id\": \"\",\n        \"company\": \"\",\n        \"reassignment_count\": \"0\",\n        \"activity_due\": \"\",\n        \"assigned_to\": \"\",\n        \"severity\": \"3\",\n        \"comments\": \"\",\n        \"approval\": \"not requested\",\n        \"sla_due\": \"\",\n        \"comments_and_work_notes\": \"\",\n        \"due_date\": \"\",\n        \"sys_mod_count\": \"0\",\n        \"reopen_count\": \"0\",\n        \"sys_tags\": \"\",\n        \"escalation\": \"0\",\n        \"upon_approval\": \"proceed\",\n        \"correlation_id\": \"\",\n        \"location\": \"\",\n        \"category\": \"inquiry\"\n    }\n}"
				}
			]
		},
		{
			"name": "Create Incident from CSV",
			"event": [
				{
					"listen": "test",
					"script": {
						"exec": [
							"var resp=pm.response.json();\r",
							"//x.result.sys_id   x--response\r",
							"var sys_id = resp.result.sys_id;\r",
							"// variable key--name of the global variable ,variable_value --sys_id)\r",
							"pm.globals.set(\"system_id\",sys_id);\r",
							"\r",
							"\r",
							"\r",
							"\r",
							"\r",
							"\r",
							"\r",
							"pm.test(\"Validating staus code for Create Incident\", function () {\r",
							"    pm.response.to.have.status(201);\r",
							"});\r",
							"\r",
							"\r",
							"\r",
							"pm.test(\"Response time is less than 2 seconds\", function () {\r",
							"    pm.expect(pm.response.responseTime).to.be.below(2000);\r",
							"});"
						],
						"type": "text/javascript",
						"packages": {}
					}
				}
			],
			"request": {
				"method": "POST",
				"header": [],
				"body": {
					"mode": "raw",
					"raw": "{\r\n    \"short_description\": \"{{Short_Description}}\"\r\n}",
					"options": {
						"raw": {
							"language": "json"
						}
					}
				},
				"url": {
					"raw": "{{url}}/api/now/table/{{incident}}",
					"host": [
						"{{url}}"
					],
					"path": [
						"api",
						"now",
						"table",
						"{{incident}}"
					],
					"query": [
						{
							"key": "sysparm_fields",
							"value": "number,sys_id,short_description{{",
							"disabled": true
						}
					]
				}
			},
			"response": [
				{
					"name": "Create Incident from CSV",
					"originalRequest": {
						"method": "POST",
						"header": [],
						"body": {
							"mode": "raw",
							"raw": "{\r\n    \"short_description\": \"{{Short_Description}}\"\r\n}",
							"options": {
								"raw": {
									"language": "json"
								}
							}
						},
						"url": {
							"raw": "{{url}}/api/now/table/{{incident}}",
							"host": [
								"{{url}}"
							],
							"path": [
								"api",
								"now",
								"table",
								"{{incident}}"
							],
							"query": [
								{
									"key": "sysparm_fields",
									"value": "number,sys_id,short_description{{",
									"disabled": true
								}
							]
						}
					},
					"status": "Created",
					"code": 201,
					"_postman_previewlanguage": "json",
					"header": [
						{
							"key": "Server-Timing",
							"value": "sem_wait;dur=0, sesh_wait;dur=0"
						},
						{
							"key": "Content-Encoding",
							"value": "gzip"
						},
						{
							"key": "X-Is-Logged-In",
							"value": "true"
						},
						{
							"key": "X-Transaction-ID",
							"value": "45671bf24792"
						},
						{
							"key": "Location",
							"value": "https://dev200784.service-now.com/api/now/table/incident/8d67dffe47d242100b45d48f016d436b"
						},
						{
							"key": "X-Content-Type-Options",
							"value": "nosniff"
						},
						{
							"key": "Pragma",
							"value": "no-store,no-cache"
						},
						{
							"key": "Cache-Control",
							"value": "no-cache,no-store,must-revalidate,max-age=-1"
						},
						{
							"key": "Expires",
							"value": "0"
						},
						{
							"key": "Content-Type",
							"value": "application/json;charset=UTF-8"
						},
						{
							"key": "Transfer-Encoding",
							"value": "chunked"
						},
						{
							"key": "Date",
							"value": "Sat, 25 May 2024 05:33:18 GMT"
						},
						{
							"key": "Keep-Alive",
							"value": "timeout=70"
						},
						{
							"key": "Connection",
							"value": "keep-alive"
						},
						{
							"key": "Server",
							"value": "ServiceNow"
						},
						{
							"key": "Set-Cookie",
							"value": "glide_user_activity=U0N2M18xOkdFVGJGZXdLbFJYZVoraFJRZU5aVHpzcWVMdlMvMFdJZG1nRDFEZFJrVXc9OnkxOWU1a25ZZERCcnZpQ2ZIdG5HNEtUUVdwN0pQaGlCZ3ZJV250OGxjaEE9; Path=/; HttpOnly; SameSite=None; Secure"
						},
						{
							"key": "Set-Cookie",
							"value": "glide_session_store=64F693FA47D242100B45D48F016D43E1; Max-Age=60; Expires=Sat, 25-May-2024 05:34:18 GMT; Path=/; HttpOnly; SameSite=None; Secure"
						},
						{
							"key": "Strict-Transport-Security",
							"value": "max-age=63072000; includeSubDomains"
						}
					],
					"cookie": [],
					"body": "{\n    \"result\": {\n        \"parent\": \"\",\n        \"made_sla\": \"true\",\n        \"caused_by\": \"\",\n        \"watch_list\": \"\",\n        \"upon_reject\": \"cancel\",\n        \"sys_updated_on\": \"2024-05-25 05:33:18\",\n        \"child_incidents\": \"0\",\n        \"hold_reason\": \"\",\n        \"origin_table\": \"\",\n        \"task_effective_number\": \"INC0011601\",\n        \"approval_history\": \"\",\n        \"number\": \"INC0011601\",\n        \"resolved_by\": \"\",\n        \"sys_updated_by\": \"admin\",\n        \"opened_by\": {\n            \"link\": \"https://dev200784.service-now.com/api/now/table/sys_user/6816f79cc0a8016401c5a33be04be441\",\n            \"value\": \"6816f79cc0a8016401c5a33be04be441\"\n        },\n        \"user_input\": \"\",\n        \"sys_created_on\": \"2024-05-25 05:33:18\",\n        \"sys_domain\": {\n            \"link\": \"https://dev200784.service-now.com/api/now/table/sys_user_group/global\",\n            \"value\": \"global\"\n        },\n        \"state\": \"1\",\n        \"route_reason\": \"\",\n        \"sys_created_by\": \"admin\",\n        \"knowledge\": \"false\",\n        \"order\": \"\",\n        \"calendar_stc\": \"\",\n        \"closed_at\": \"\",\n        \"cmdb_ci\": \"\",\n        \"delivery_plan\": \"\",\n        \"contract\": \"\",\n        \"impact\": \"3\",\n        \"active\": \"true\",\n        \"work_notes_list\": \"\",\n        \"business_service\": \"\",\n        \"business_impact\": \"\",\n        \"priority\": \"5\",\n        \"sys_domain_path\": \"/\",\n        \"rfc\": \"\",\n        \"time_worked\": \"\",\n        \"expected_start\": \"\",\n        \"opened_at\": \"2024-05-25 05:33:18\",\n        \"business_duration\": \"\",\n        \"group_list\": \"\",\n        \"work_end\": \"\",\n        \"caller_id\": \"\",\n        \"reopened_time\": \"\",\n        \"resolved_at\": \"\",\n        \"approval_set\": \"\",\n        \"subcategory\": \"\",\n        \"work_notes\": \"\",\n        \"universal_request\": \"\",\n        \"short_description\": \"{{Short_Description}}\",\n        \"close_code\": \"\",\n        \"correlation_display\": \"\",\n        \"delivery_task\": \"\",\n        \"work_start\": \"\",\n        \"assignment_group\": \"\",\n        \"additional_assignee_list\": \"\",\n        \"business_stc\": \"\",\n        \"cause\": \"\",\n        \"description\": \"\",\n        \"origin_id\": \"\",\n        \"calendar_duration\": \"\",\n        \"close_notes\": \"\",\n        \"notify\": \"1\",\n        \"service_offering\": \"\",\n        \"sys_class_name\": \"incident\",\n        \"closed_by\": \"\",\n        \"follow_up\": \"\",\n        \"parent_incident\": \"\",\n        \"sys_id\": \"8d67dffe47d242100b45d48f016d436b\",\n        \"contact_type\": \"\",\n        \"reopened_by\": \"\",\n        \"incident_state\": \"1\",\n        \"urgency\": \"3\",\n        \"problem_id\": \"\",\n        \"company\": \"\",\n        \"reassignment_count\": \"0\",\n        \"activity_due\": \"\",\n        \"assigned_to\": \"\",\n        \"severity\": \"3\",\n        \"comments\": \"\",\n        \"approval\": \"not requested\",\n        \"sla_due\": \"\",\n        \"comments_and_work_notes\": \"\",\n        \"due_date\": \"\",\n        \"sys_mod_count\": \"0\",\n        \"reopen_count\": \"0\",\n        \"sys_tags\": \"\",\n        \"escalation\": \"0\",\n        \"upon_approval\": \"proceed\",\n        \"correlation_id\": \"\",\n        \"location\": \"\",\n        \"category\": \"inquiry\"\n    }\n}"
				}
			]
		},
		{
			"name": "Create Incident from CSV Copy",
			"event": [
				{
					"listen": "test",
					"script": {
						"exec": [
							"var resp=pm.response.json();\r",
							"//x.result.sys_id   x--response\r",
							"var sys_id = resp.result.sys_id;\r",
							"// variable key--name of the global variable ,variable_value --sys_id)\r",
							"pm.globals.set(\"system_id\",sys_id);\r",
							"\r",
							"\r",
							"\r",
							"\r",
							"\r",
							"\r",
							"\r",
							"pm.test(\"Validating staus code for Create Incident\", function () {\r",
							"    pm.response.to.have.status(201);\r",
							"});\r",
							"\r",
							"\r",
							"\r",
							"pm.test(\"Response time is less than 2 seconds\", function () {\r",
							"    pm.expect(pm.response.responseTime).to.be.below(2000);\r",
							"});"
						],
						"type": "text/javascript",
						"packages": {}
					}
				}
			],
			"request": {
				"method": "POST",
				"header": [],
				"body": {
					"mode": "raw",
					"raw": "{\r\n    \"short_description\": \"{{$randomEmail}}\",\r\n    \"description\":\"{{$randomLongitude}}\"\r\n}",
					"options": {
						"raw": {
							"language": "json"
						}
					}
				},
				"url": {
					"raw": "{{url}}/api/now/table/{{incident}}",
					"host": [
						"{{url}}"
					],
					"path": [
						"api",
						"now",
						"table",
						"{{incident}}"
					],
					"query": [
						{
							"key": "sysparm_fields",
							"value": "number,sys_id,short_description{{",
							"disabled": true
						}
					]
				}
			},
			"response": []
		},
		{
			"name": "Get All Incidents",
			"event": [
				{
					"listen": "test",
					"script": {
						"exec": [
							"pm.test(\"Validate status code for Get All incidnet\", function () {\r",
							"    pm.response.to.have.status(200);\r",
							"});"
						],
						"type": "text/javascript",
						"packages": {}
					}
				}
			],
			"request": {
				"method": "GET",
				"header": [],
				"url": {
					"raw": "{{url}}/api/now/table/{{incident}}?sysparm_fields=number,sys_id,short_description&sysparm_limit=5",
					"host": [
						"{{url}}"
					],
					"path": [
						"api",
						"now",
						"table",
						"{{incident}}"
					],
					"query": [
						{
							"key": "sysparm_fields",
							"value": "number,sys_id,short_description"
						},
						{
							"key": "sysparm_limit",
							"value": "5"
						}
					]
				}
			},
			"response": [
				{
					"name": "Get All Incidents",
					"originalRequest": {
						"method": "GET",
						"header": [],
						"url": {
							"raw": "{{url}}/api/now/table/{{incident}}?sysparm_fields=number,sys_id,short_description&sysparm_limit=5",
							"host": [
								"{{url}}"
							],
							"path": [
								"api",
								"now",
								"table",
								"{{incident}}"
							],
							"query": [
								{
									"key": "sysparm_fields",
									"value": "number,sys_id,short_description"
								},
								{
									"key": "sysparm_limit",
									"value": "5"
								}
							]
						}
					},
					"status": "OK",
					"code": 200,
					"_postman_previewlanguage": "json",
					"header": [
						{
							"key": "Server-Timing",
							"value": "sem_wait;dur=0, sesh_wait;dur=0"
						},
						{
							"key": "Content-Encoding",
							"value": "gzip"
						},
						{
							"key": "X-Is-Logged-In",
							"value": "true"
						},
						{
							"key": "X-Transaction-ID",
							"value": "1e77d7ba4752"
						},
						{
							"key": "Set-Cookie",
							"value": "glide_session_store=64F693FA47D242100B45D48F016D43E1; Max-Age=60; Expires=Sat, 25-May-2024 05:34:40 GMT; Path=/; HttpOnly; SameSite=None; Secure"
						},
						{
							"key": "Link",
							"value": "<https://dev200784.service-now.com/api/now/table/incident?sysparm_fields=number,sys_id,short_description&sysparm_limit=5&sysparm_offset=0>;rel=\"first\",<https://dev200784.service-now.com/api/now/table/incident?sysparm_fields=number,sys_id,short_description&sysparm_limit=5&sysparm_offset=5>;rel=\"next\",<https://dev200784.service-now.com/api/now/table/incident?sysparm_fields=number,sys_id,short_description&sysparm_limit=5&sysparm_offset=1095>;rel=\"last\""
						},
						{
							"key": "X-Total-Count",
							"value": "1100"
						},
						{
							"key": "X-Content-Type-Options",
							"value": "nosniff"
						},
						{
							"key": "Pragma",
							"value": "no-store,no-cache"
						},
						{
							"key": "Cache-Control",
							"value": "no-cache,no-store,must-revalidate,max-age=-1"
						},
						{
							"key": "Expires",
							"value": "0"
						},
						{
							"key": "Content-Type",
							"value": "application/json;charset=UTF-8"
						},
						{
							"key": "Transfer-Encoding",
							"value": "chunked"
						},
						{
							"key": "Date",
							"value": "Sat, 25 May 2024 05:33:40 GMT"
						},
						{
							"key": "Keep-Alive",
							"value": "timeout=70"
						},
						{
							"key": "Connection",
							"value": "keep-alive"
						},
						{
							"key": "Server",
							"value": "ServiceNow"
						},
						{
							"key": "Strict-Transport-Security",
							"value": "max-age=63072000; includeSubDomains"
						}
					],
					"cookie": [],
					"body": "{\n    \"result\": [\n        {\n            \"number\": \"INC0000060\",\n            \"sys_id\": \"1c741bd70b2322007518478d83673af3\",\n            \"short_description\": \"Unable to connect to email\"\n        },\n        {\n            \"number\": \"INC0009002\",\n            \"sys_id\": \"1c832706732023002728660c4cf6a7b9\",\n            \"short_description\": \"My computer is not detecting the headphone device\"\n        },\n        {\n            \"number\": \"INC0000009\",\n            \"sys_id\": \"46b66a40a9fe198101f243dfbc79033d\",\n            \"short_description\": \"Reset my password\"\n        },\n        {\n            \"number\": \"INC0000010\",\n            \"sys_id\": \"46b9490da9fe1981003c938dab89bda3\",\n            \"short_description\": \"Need Oracle 10GR2 installed\"\n        },\n        {\n            \"number\": \"INC0000011\",\n            \"sys_id\": \"46c03489a9fe19810148cd5b8cbf501e\",\n            \"short_description\": \"Need new Blackberry set up\"\n        }\n    ]\n}"
				}
			]
		},
		{
			"name": "Modify an Incident",
			"request": {
				"method": "PATCH",
				"header": [
					{
						"key": "Content-Type",
						"value": "application/json",
						"type": "text"
					},
					{
						"key": "Accept",
						"value": "application/json",
						"type": "text"
					}
				],
				"body": {
					"mode": "raw",
					"raw": "{\r\n    \"category\": \"{{category}}\"\r\n}",
					"options": {
						"raw": {
							"language": "json"
						}
					}
				},
				"url": {
					"raw": "{{url}}/api/now/table/{{incident}}/{{system_id}}",
					"host": [
						"{{url}}"
					],
					"path": [
						"api",
						"now",
						"table",
						"{{incident}}",
						"{{system_id}}"
					]
				}
			},
			"response": []
		},
		{
			"name": "Delete an Incident",
			"request": {
				"method": "DELETE",
				"header": [],
				"body": {
					"mode": "raw",
					"raw": "",
					"options": {
						"raw": {
							"language": "json"
						}
					}
				},
				"url": {
					"raw": "{{url}}/api/now/table/{{incident}}/{{system_id}}",
					"host": [
						"{{url}}"
					],
					"path": [
						"api",
						"now",
						"table",
						"{{incident}}",
						"{{system_id}}"
					],
					"query": [
						{
							"key": "sysparm_fields",
							"value": "number,sys_id,short_description",
							"disabled": true
						}
					]
				}
			},
			"response": []
		}
	],
	"auth": {
		"type": "basic",
		"basic": [
			{
				"key": "password",
				"value": "{{password}}",
				"type": "string"
			},
			{
				"key": "username",
				"value": "{{username}}",
				"type": "string"
			}
		]
	},
	"event": [
		{
			"listen": "prerequest",
			"script": {
				"type": "text/javascript",
				"packages": {},
				"exec": [
					""
				]
			}
		},
		{
			"listen": "test",
			"script": {
				"type": "text/javascript",
				"packages": {},
				"exec": [
					""
				]
			}
		}
	]
}