{
	"id": "6744cd56-7507-4237-b475-078984743e01",
	"name": "QA",
	"values": [
		{
			"key": "url",
			"value": "https://dev273722.service-now.com",
			"type": "default",
			"enabled": true
		},
		{
			"key": "username",
			"value": "admin",
			"type": "default",
			"enabled": true
		},
		{
			"key": "password",
			"value": "pmU/PqyU2V7-",
			"type": "secret",
			"enabled": true
		}
	],
	"_postman_variable_scope": "environment",
	"_postman_exported_at": "2024-06-23T10:09:06.797Z",
	"_postman_exported_using": "Postman/11.2.12-240619-1520"
}