{
	"id": "ae6f4836-08da-4860-8c55-7a04dfeebf79",
	"values": [
		{
			"key": "system_id",
			"value": "",
			"type": "any",
			"enabled": true
		},
		{
			"key": "incident",
			"value": "incident",
			"type": "default",
			"enabled": true
		},
		{
			"key": "accesstoken",
			"value": "",
			"type": "any",
			"enabled": true
		},
		{
			"key": "id",
			"value": "",
			"type": "any",
			"enabled": true
		},
		{
			"key": "authid",
			"value": "",
			"type": "any",
			"enabled": true
		}
	],
	"name": "Globals",
	"_postman_variable_scope": "globals",
	"_postman_exported_at": "2024-06-23T10:09:15.465Z",
	"_postman_exported_using": "Postman/11.2.12-240619-1520"
}